{
    "mse": 644.0338134765625,
    "rmse": 25.377821290973,
    "mae": 22.928497314453125,
    "r2": 0.5359194278717041
}