{
    "mse": 956.3884802661138,
    "rmse": 30.925531204267354,
    "mae": 27.297141352543164,
    "r2": 0.4047545661816254
}