{
    "mse": 1139.872290792034,
    "rmse": 33.76199476914884,
    "mae": 29.82807797055672,
    "r2": 0.2905563061139591
}