Feature,Importance
PC1,0.6441079091357093
PC4,0.13387836650118698
PC2,0.11337405331484854
PC3,0.08265152983927361
PC5,0.025988141208981682
