{
    "mse": 1162.5472753667016,
    "rmse": 34.096147515030225,
    "mae": 29.972103183116246,
    "r2": 0.27644365073544863
}