{
    "mse": 81.10923367354697,
    "rmse": 9.006066492845084,
    "mae": 6.889305186289563,
    "r2": 0.8912197687838893
}