{
    "mse": 717.9973968310125,
    "rmse": 26.79547343920261,
    "mae": 24.952181985691563,
    "r2": 0.5531264953774637
}