{
    "mse": 922.153076171875,
    "rmse": 30.36697344438321,
    "mae": 24.859699249267578,
    "r2": 0.33551108837127686
}