Feature,Importance
PC1,0.6691336895909938
PC2,0.14101500723832355
PC3,0.10285229043664763
PC4,0.05304131163948695
PC5,0.03395770109454811
