{
    "mse": 1282.3173841079947,
    "rmse": 35.80945942216937,
    "mae": 31.361352955608083,
    "r2": 0.20190008208398624
}