{
    "mse": 1002.335427671615,
    "rmse": 31.659681420880013,
    "mae": 28.463120231872832,
    "r2": 0.3761577028720552
}