Feature,Importance
PC1,0.665557905267056
PC4,0.1223253483125397
PC2,0.11482805086968695
PC3,0.08073807371635847
PC5,0.016550621834358757
