{
    "mse": 659.8341674804688,
    "rmse": 25.687237443533487,
    "mae": 23.288639068603516,
    "r2": 0.5483819246292114
}