{
    "mse": 752.6841683850965,
    "rmse": 27.435090092527425,
    "mae": 25.807068743712563,
    "r2": 0.5315378388769958
}