{
    "MSE": 1459.3941650390625,
    "RMSE": 38.202017813710604,
    "MAE": 33.17097473144531,
    "R2": -0.0076007843017578125,
    "valid_loss": 300.57237316313245
}