{
    "MSE": 642.8934936523438,
    "RMSE": 25.355344479070755,
    "MAE": 23.122865676879883,
    "R2": 0.5389296412467957,
    "valid_loss": 26.775348554781782
}