{
    "r2": 0.9534809685407009,
    "mse": 39.48136587095004,
    "rmse": 6.283419918400333,
    "mae": 3.8663887153968317,
    "timestamp": "2025-05-10 01:57:56",
    "train_samples": 252,
    "test_samples": 63,
    "feature_count": 10,
    "use_pca": true
}