{
    "mse": 1211.5225587930925,
    "rmse": 34.80693262545685,
    "mae": 31.594594847145714,
    "r2": 0.24596198514553247
}