{
    "mse": 794.0662231445312,
    "rmse": 28.179180668439088,
    "mae": 24.566837310791016,
    "r2": 0.4746538996696472
}