{
    "mse": 1054.8938963065716,
    "rmse": 32.47913016548583,
    "mae": 23.311031041641066,
    "r2": -0.4147785246073403
}