{
    "mse": 741.8449451944546,
    "rmse": 27.236830674556366,
    "mae": 25.62510253503349,
    "r2": 0.5382840494843972
}