{
    "mse": 857.6653950125234,
    "rmse": 29.28592486182609,
    "mae": 24.738732373560467,
    "r2": 0.4661987041257698
}