{
    "mse": 34.78660583496094,
    "rmse": 5.8980171104330426,
    "mae": 4.607537269592285,
    "r2": 0.976985514163971
}