{
    "mse": 1265.3931727364695,
    "rmse": 35.57236529578079,
    "mae": 30.580694692606023,
    "r2": 0.21243352089859235
}