{
    "mse": 936.8725822473433,
    "rmse": 30.60837438099814,
    "mae": 25.789707299806867,
    "r2": 0.4169010416173248
}