{
    "mse": 859.5791708812716,
    "rmse": 29.318580642337917,
    "mae": 24.798593386222425,
    "r2": 0.46500759154889393
}