{
    "mse": 597.3689422952532,
    "rmse": 24.441132181125596,
    "mae": 19.646010837716354,
    "r2": 0.628204288797768
}