{
    "principal_components": [
        "PC1",
        "PC2",
        "PC3",
        "PC4",
        "PC5",
        "PC6",
        "PC7",
        "PC8",
        "PC9",
        "PC10"
    ],
    "explained_variance_ratio": [
        0.5241968668318959,
        0.14056771719112715,
        0.10367909081838299,
        0.06009981961002176,
        0.04966073742452552,
        0.034217638020928115,
        0.028469479669891655,
        0.023892777541267177,
        0.01843925792133477,
        0.0167766149706249
    ],
    "cumulative_variance_ratio": [
        0.5241968668318959,
        0.6647645840230231,
        0.7684436748414061,
        0.8285434944514278,
        0.8782042318759533,
        0.9124218698968815,
        0.9408913495667731,
        0.9647841271080403,
        0.983223385029375,
        0.9999999999999999
    ]
}