{
    "mse": 31.342169477748623,
    "rmse": 5.598407762725811,
    "mae": 4.416542412923819,
    "r2": 0.9579652243254275
}