{
    "mse": 179.1857006082126,
    "rmse": 13.386026318822648,
    "mae": 10.121767014092775,
    "r2": 0.7596838108317716
}