{
    "MSE": 544.6383666992188,
    "RMSE": 23.33748844025892,
    "MAE": 22.020858764648438,
    "R2": 0.6281903982162476,
    "valid_loss": 86.20583852132161
}