{
    "mse": 964.3484615546454,
    "rmse": 31.05396048098608,
    "mae": 26.833846131912576,
    "r2": 0.39980036335187175
}