{
    "mse": 2020.2371093122583,
    "rmse": 44.94704783756391,
    "mae": 34.75372609321287,
    "r2": -0.2573728556558421
}