{
    "mse": 55.08136145594252,
    "rmse": 7.421681848202772,
    "mae": 5.663759199536326,
    "r2": 0.9261272365241227
}