{
    "mse": 1518.4929666552375,
    "rmse": 38.96784529140965,
    "mae": 32.27340700981769,
    "r2": 0.054907055723480425
}