Feature,Importance
PC3,0.29980386050650293
PC4,0.28282058400546645
PC1,0.15857915896428718
PC2,0.15740425143979186
PC5,0.10139214508395172
