{
    "mse": 2076.15342709717,
    "rmse": 45.56482664399339,
    "mae": 34.3691949229916,
    "r2": -0.29217454296615397
}