{
    "RF": {
        "mse": 783.7520651017811,
        "rmse": 27.99557224101306,
        "mae": 26.154205949753603,
        "r2": 0.48147767283095777
    },
    "XGBoost": {
        "mse": 883.026156945674,
        "rmse": 29.715756038601373,
        "mae": 27.79292284458495,
        "r2": 0.4157989519413309
    },
    "GradientBoosting": {
        "mse": 775.7471415940863,
        "rmse": 27.852237640701084,
        "mae": 26.1079346765802,
        "r2": 0.4867736481155409
    },
    "LSTM": {
        "mse": 5291.01846870332,
        "rmse": 72.73938732697245,
        "mae": 61.753493251289896,
        "r2": -2.5004835478553344
    },
    "Stacking": {
        "mse": 773.7552754319844,
        "rmse": 27.816456917299593,
        "mae": 26.049103046745866,
        "r2": 0.4880914463374164
    },
    "best_model": "Stacking"
}