{
    "mse": 772.4520786785539,
    "rmse": 27.79302212208226,
    "mae": 26.338460161974794,
    "r2": 0.5192345138358602
}