{
    "mse": 538.4847737148632,
    "rmse": 23.205274695957883,
    "mae": 20.287853221466996,
    "r2": 0.6648531330643946
}