{
    "mse": 614.8552856445312,
    "rmse": 24.796275640598353,
    "mae": 21.95836067199707,
    "r2": 0.5569450259208679
}