{
    "mse": 319.7542619095681,
    "rmse": 17.881673912404512,
    "mae": 14.729947578715477,
    "r2": 0.8009885435961386
}