{
    "mse": 1959.9708818849886,
    "rmse": 44.27155838554803,
    "mae": 35.04810611033887,
    "r2": -0.2198638335066414
}