{
    "mse": 757.3745863546281,
    "rmse": 27.520439428806878,
    "mae": 25.844486688932715,
    "r2": 0.5286185754848997
}