{
    "mse": 61.596275329589844,
    "rmse": 7.8483294610757675,
    "mae": 6.28236198425293,
    "r2": 0.9592485427856445
}