{
    "mse": 705.6146994569453,
    "rmse": 26.563409033046668,
    "mae": 24.646702763266347,
    "r2": 0.5608333469575009
}