{
    "mse": 554.14306640625,
    "rmse": 23.54024355027471,
    "mae": 21.616619110107422,
    "r2": 0.6105472445487976
}