{
    "mse": 340.09538298133344,
    "rmse": 18.441675167438923,
    "mae": 14.774685214140895,
    "r2": 0.7883284586133645
}