{
    "principal_components": [
        "PC1",
        "PC2",
        "PC3",
        "PC4",
        "PC5",
        "PC6",
        "PC7",
        "PC8",
        "PC9",
        "PC10"
    ],
    "explained_variance_ratio": [
        0.4630615229091635,
        0.13015854365233448,
        0.07917913327454153,
        0.07045759297708741,
        0.0657041472973598,
        0.05783260815611927,
        0.04715260234005444,
        0.040539440439618005,
        0.024882475005151772,
        0.021031933948569698
    ],
    "cumulative_variance_ratio": [
        0.4630615229091635,
        0.593220066561498,
        0.6723991998360395,
        0.7428567928131269,
        0.8085609401104867,
        0.866393548266606,
        0.9135461506066604,
        0.9540855910462784,
        0.9789680660514302,
        0.9999999999999999
    ]
}