{
    "mse": 1970.5102088653261,
    "rmse": 44.39042924849146,
    "mae": 33.627486460451806,
    "r2": -0.22642339208561868
}