{
    "RF": {
        "mse": 864.2780620411974,
        "rmse": 29.398606464273055,
        "mae": 25.176343642110073,
        "r2": 0.4282024992271588
    },
    "XGBoost": {
        "mse": 864.0644591697792,
        "rmse": 29.394973365692632,
        "mae": 24.580151060015826,
        "r2": 0.4283438166959216
    },
    "GradientBoosting": {
        "mse": 896.2884404531868,
        "rmse": 29.938076766104846,
        "mae": 25.224305653855346,
        "r2": 0.4070247612066652
    },
    "LSTM": {
        "mse": 5414.0042805532,
        "rmse": 73.57991764437631,
        "mae": 62.70676951018922,
        "r2": -2.5818496994850495
    },
    "Stacking": {
        "mse": 891.4099434767492,
        "rmse": 29.856489135140272,
        "mae": 25.04090970879362,
        "r2": 0.41025232476655327
    },
    "best_model": "XGBoost"
}