{
    "mse": 53.16756432387774,
    "rmse": 7.291609172458282,
    "mae": 5.53117726328275,
    "r2": 0.9286939392914629
}