{
    "mse": 106.49929116483268,
    "rmse": 10.319849377041928,
    "mae": 8.471177774016383,
    "r2": 0.8571677108442372
}