{
    "mse": 987.0821392339972,
    "rmse": 31.417863377925578,
    "mae": 27.247394668122663,
    "r2": 0.38565117804511484
}