{
    "MSE": 738.3656005859375,
    "RMSE": 27.17288355301913,
    "MAE": 24.22382926940918,
    "R2": 0.4783395528793335,
    "valid_loss": 64.27754695241045
}