{
    "MSE": 628.4340209960938,
    "RMSE": 25.068586338206103,
    "MAE": 20.231733322143555,
    "R2": 0.5390986204147339,
    "valid_loss": 159.09104635657334
}