{
    "window_size": 19,
    "stride": 1,
    "batch_size": 32,
    "optimizer": "Adam",
    "learning_rate": 0.0001567993391672301,
    "weight_decay": 0.00011290133559092664,
    "scheduler": "OneCycleLR",
    "max_lr_factor": 5.9614152808901615,
    "conv_layers": 3,
    "first_conv_out": 32,
    "kernel_size": 7,
    "dropout_rate1": 0.17394178221021084,
    "dropout_rate2": 0.39087538832936763,
    "fc_units1": 256,
    "fc_units2": 128,
    "use_attention": true,
    "attention_weight": 0.39279729768693794
}