{
    "mse": 856.9839062380464,
    "rmse": 29.27428745910046,
    "mae": 26.481197580009365,
    "r2": 0.466622855074444
}