Feature,Importance
PC1,0.6324230112016064
PC2,0.11697370514980392
PC3,0.11453601521470122
PC4,0.10804732476884059
PC5,0.028019943665047887
