{
    "mse": 327.0635068432991,
    "rmse": 18.084897203006133,
    "mae": 13.850034658050555,
    "r2": 0.7964393517549184
}