{
    "mse": 62.135558974940324,
    "rmse": 7.882611177455115,
    "mae": 5.775998682334348,
    "r2": 0.9166664488627672,
    "test_loss": 0.08393601039424539
}