{
    "mse": 831.8663330078125,
    "rmse": 28.842093076054873,
    "mae": 24.531766891479492,
    "r2": 0.4496457576751709
}