{
    "max_pearson_abs": 0.9526786478737623,
    "max_spearman_abs": 0.993968047935962,
    "max_pearson_feature": "Force_Z_kurtosis",
    "max_pearson_value": -0.891430083704489,
    "max_spearman_feature": "Force_Z_kurtosis",
    "max_spearman_value": -0.993968047935962
}