,Vibration_X_wavelet_scale_32_ratio,Vibration_X_wavelet_scale_16_ratio,Vibration_X_wavelet_entropy,Force_X_wp_add_std,Force_Y_skewness,Force_X_peak2peak,Force_Y_wavelet_scale_32_ratio,Force_X_wp_dad_std,Vibration_X_skewness,Force_Y_wavelet_mean
PC1,-0.3394951779952094,0.3399039782730159,0.31836968347907585,0.32223161097862363,0.32483631779854566,0.2914980992114954,-0.22190936112841816,0.32839575154382955,-0.3239513350670455,0.3339072720303045
PC2,0.16082491177173094,0.12268771685418066,-0.32955940474060796,-0.0031221790962814495,0.29275783625629553,0.38721402832469204,0.7127919847138491,-0.14691920023843158,-0.28105991773586,0.07854760328507562
PC3,0.11197480862259847,-0.2504450855389667,-0.27612553078099705,0.5594274789147877,-0.19787499732377598,0.4448676954807334,-0.05598638398118228,0.39110080160130384,0.2549106274678044,-0.2782066986981919
PC4,-0.09722329199954009,0.002914036626984789,-0.02449932178549372,-0.3131712553320002,0.15637643936372836,0.566624059609778,-0.44089951310992426,-0.4010114997606876,-0.1057299835474427,-0.42422262930042914
PC5,0.03176117855081695,-0.0715471393576887,0.03211733855400657,-0.17948840412599246,0.22899941753406694,0.2962962947368713,-0.0284052675691463,-0.08983592462742916,0.7230856373159795,0.5372729332076644
