{
    "mse": 114.81463468144582,
    "rmse": 10.715159106678996,
    "mae": 8.736768862509658,
    "r2": 0.8460155281714329
}