,Vibration_X_wavelet_scale_32_ratio,Vibration_X_wavelet_scale_16_ratio,Vibration_X_wavelet_entropy,Force_X_wp_add_std,Force_Y_skewness,Force_X_peak2peak,Force_Y_wavelet_scale_32_ratio,Force_X_wp_dad_std,Vibration_X_skewness,Force_Y_wavelet_mean
PC1,-0.3233561382728493,0.33113647319672335,0.31008743627572594,0.3231542183792186,0.3314728121351915,0.3000891331068564,-0.3308802218911528,0.31512857606589284,-0.2842057777361954,0.309383579369429
PC2,-0.32240622646845807,-0.21717388012659755,0.4425415747733046,0.10850247563475328,-0.06508566445108699,-0.3410142180929573,-0.1881613959376609,0.2548563729806505,0.6330341532250091,-0.14020819065041273
PC3,0.022625700573726423,-0.009132075444697454,0.005464801879360561,-0.1635108572187048,0.27417454091967164,-0.6428069429437331,0.15649851170149595,-0.042914280712555326,-0.07268505146829989,0.6727927149112528
PC4,0.27040690059918543,-0.2035934465292269,-0.32976801031061953,0.5603940892765418,-0.08157817856509868,-0.12727249712655733,0.22741758274189058,0.6204306834419274,-0.052422312970815454,0.019671405185268397
PC5,0.1923479895781718,0.06299501503078901,-0.17722475014717695,0.15498285141352713,-0.034968425839861046,0.4385154639223304,0.00019641305352819958,-0.1749311179156388,0.6361325245321002,0.5242341618245518
