{
    "mse": 50.40995787897284,
    "rmse": 7.099997033729862,
    "mae": 5.100022845973004,
    "r2": 0.9323923229784195
}