{
    "principal_components": [
        "PC1",
        "PC2",
        "PC3",
        "PC4",
        "PC5",
        "PC6",
        "PC7",
        "PC8",
        "PC9",
        "PC10"
    ],
    "explained_variance_ratio": [
        0.4089557110323705,
        0.15336818915099787,
        0.11157607399140326,
        0.09103456455603699,
        0.05824252718983716,
        0.05347939396465773,
        0.04933964993919325,
        0.02926965692585277,
        0.026488730761608924,
        0.018245502488041347
    ],
    "cumulative_variance_ratio": [
        0.4089557110323705,
        0.5623239001833684,
        0.6738999741747717,
        0.7649345387308086,
        0.8231770659206458,
        0.8766564598853035,
        0.9259961098244968,
        0.9552657667503496,
        0.9817544975119585,
        0.9999999999999999
    ]
}