{
    "mse": 38.365657806396484,
    "rmse": 6.194001760283612,
    "mae": 5.146623134613037,
    "r2": 0.9746176600456238
}