{
    "mse": 731.4644781514348,
    "rmse": 27.0455999776569,
    "mae": 25.184699131693424,
    "r2": 0.5447447354250523
}