{
    "random_forest": {
        "mse": 757.6642763745915,
        "rmse": 27.52570210502525,
        "r2": 0.5284382756745569
    },
    "gradient_boosting": {
        "mse": 761.3351211018647,
        "rmse": 27.592301844932486,
        "r2": 0.5261535832015174
    },
    "svr": {
        "mse": 615.8323218259557,
        "rmse": 24.815969088995008,
        "r2": 0.616712889031589
    },
    "mlp": {
        "mse": 658.7373107432893,
        "rmse": 25.66587833570652,
        "r2": 0.5900093064727896
    },
    "bpnn": {
        "mse": 785.6217649503568,
        "rmse": 28.028945127320736,
        "r2": 0.5110378492169702
    },
    "stacking_ensemble": {
        "mse": 731.4644781514348,
        "rmse": 27.0455999776569,
        "r2": 0.5447447354250523
    }
}