,Vibration_X_wavelet_scale_32_ratio,Vibration_X_wavelet_scale_16_ratio,Vibration_X_wavelet_entropy,Force_X_wp_add_std,Force_Y_skewness,Force_X_peak2peak,Force_Y_wavelet_scale_32_ratio,Force_X_wp_dad_std,Vibration_X_skewness,Force_Y_wavelet_mean
PC1,-0.3262530832587636,0.3386487239820636,0.3006794697741597,0.303969707851873,0.3336595351875849,0.30616811115971054,-0.2931340719036202,0.30982696464136555,-0.3244537983609546,0.3221987639036161
PC2,-0.3192530110688066,0.13420638979205174,0.454298344402779,-0.42219117875228623,0.005982546223775168,-0.37683967724026435,-0.43061953713444856,-0.39261595980025293,0.042440186402773895,-0.10958194396708396
PC3,0.030551990349568972,0.16573656873198764,0.00657432251058904,-0.38025880689370484,0.1758142780222539,-0.03587565554386113,0.5524422510143742,-0.30674818000578213,-0.3091574943492918,0.5476267138861287
PC4,-0.13348247685233713,-0.1888928359854009,0.2659048212446818,0.21525822514277973,-0.4930752635875958,-0.41907962970941437,0.0904556317014322,0.29041230876489327,0.2014468536749586,0.526884361687092
PC5,-0.13710427251091312,0.2999002802668613,-0.016139869670357777,-0.03563996743571738,0.3871032670193521,0.033588578359233096,0.181702649980806,0.07105587983035197,0.8315274807566067,0.09618556767065158
