{
    "mse": 970.2013234474615,
    "rmse": 31.148054890273027,
    "mae": 26.758733523629907,
    "r2": 0.39615760793568466
}