{
    "mse": 59.12586981143,
    "rmse": 7.6893348094246745,
    "mae": 5.64847507954631,
    "r2": 0.9207029150980789
}