{
    "RF": {
        "mse": 872.190713360017,
        "rmse": 29.532875128575224,
        "mae": 24.845089307706104,
        "r2": 0.42296757027628107
    },
    "XGBoost": {
        "mse": 932.7651558836169,
        "rmse": 30.541204231064906,
        "mae": 25.4850415279455,
        "r2": 0.3828921404268867
    },
    "GradientBoosting": {
        "mse": 906.4646621006729,
        "rmse": 30.10755157930769,
        "mae": 25.144694711528984,
        "r2": 0.400292277344237
    },
    "LSTM": {
        "mse": 5273.867113665148,
        "rmse": 72.62139570171554,
        "mae": 61.617759357680086,
        "r2": -2.4891363872869725
    },
    "Stacking": {
        "mse": 924.4782165922545,
        "rmse": 30.405233375066445,
        "mae": 25.250259616063843,
        "r2": 0.38837469446125183
    },
    "best_model": "RF"
}