{
    "mse": 831.89306640625,
    "rmse": 28.84255651647839,
    "mae": 25.359827041625977,
    "r2": 0.3735623359680176
}