{
    "train_loss": [
        12064.659505208334,
        11513.51220703125,
        10878.270760091145,
        10141.767692057292,
        9285.842797851563,
        8397.130623372395,
        7465.273107910156,
        6482.034452311198,
        5549.772115071614,
        4435.746175130208,
        3614.582039388021,
        2766.855943806966,
        2008.7323384602864,
        1397.8686228434244,
        959.7512156168619,
        570.9761526107789,
        377.01099630991615,
        348.5451532046,
        259.9225614229838,
        230.5036543528239,
        223.44811906814576,
        209.9938496907552,
        187.2514887491862,
        209.89980748494466,
        181.5273471037547,
        177.10726601282755,
        200.95845966339112,
        154.88131936391196,
        147.66374384562175,
        187.5802571932475,
        179.8446828842163,
        143.77239055633544,
        148.52300079663596,
        140.96565364201862,
        137.85172553062438,
        201.86852033933005,
        162.3712456067403,
        122.22242806752523,
        117.11303367614747,
        159.28417641321818,
        239.61303747495015,
        136.29102710882822,
        133.4246047973633,
        135.59697461128235,
        114.49769824345907,
        123.91956823666891,
        139.04079764684042,
        166.36531721750896,
        133.85267477035524,
        86.22341906229654,
        132.80441795984905,
        130.99889791806538,
        141.72012497584026,
        134.27308670679727,
        148.30334493319194,
        122.72328526973725,
        117.91491241455078,
        129.95185550053915,
        111.3563856124878,
        165.69066789944966,
        162.98691759109497,
        118.19355597496033,
        112.62533103624979,
        108.56109759012858,
        140.0522656281789,
        92.40358877182007,
        104.34284011920293,
        121.56447324752807,
        94.69590698083242,
        95.14621579647064,
        127.923548412323,
        96.80623104572297,
        102.320024228096,
        63.27989981969198,
        102.38189707597097,
        112.00902101198832,
        97.54069215456644,
        105.40344139734904
    ],
    "valid_loss": [
        12608.754455061984,
        12203.387106146694,
        11475.36539579029,
        10584.822071926654,
        10245.191357825413,
        8548.130084581611,
        8458.492881585744,
        6621.774761105372,
        5691.066583806818,
        4637.428848140496,
        3569.0265528150826,
        2439.321147824122,
        2024.3920575606921,
        1320.4822443181818,
        862.2110121545713,
        610.859121779765,
        489.569675918453,
        418.5569927120997,
        345.68555998999227,
        385.3380815490218,
        321.96086713302236,
        224.44503191482923,
        174.32168049457644,
        157.58599197766011,
        271.7786143909801,
        232.72316975238894,
        130.6348400273599,
        184.5795371315696,
        271.61186376090876,
        164.27742067447377,
        263.38092646322957,
        238.14470678912707,
        137.83617129995804,
        188.98133623107407,
        254.53955052903862,
        198.70618192814598,
        221.58391892614443,
        207.65124650435015,
        228.78976478261396,
        300.055506682593,
        234.21470125056496,
        256.3188801915192,
        249.4522991338052,
        171.6576754357204,
        242.29184918364217,
        142.10662413037514,
        192.18479364568537,
        122.51374072870932,
        235.87848341760557,
        241.84429048900762,
        295.98913013048406,
        248.5992120159559,
        204.41539417613637,
        264.45739355166097,
        287.7545887340199,
        217.20991856598658,
        225.1863201551201,
        251.9878445026303,
        190.7341560174611,
        242.88888310203868,
        171.84099591467992,
        148.93103960525892,
        196.4247546235392,
        223.91949210679235,
        257.950199852305,
        125.86905638639593,
        234.8220120264479,
        251.99431548136948,
        229.54256495956548,
        199.31872101460607,
        157.97721686244995,
        244.33036621345963,
        154.70614157432368,
        278.5905375204796,
        234.4210846956111,
        223.086526161383,
        233.72052039784833,
        163.2405717077334
    ],
    "lr": [
        0.0009999728588359286,
        0.0009998914383200486,
        0.0009997557473810372,
        0.000999565800898935,
        0.0009993216197035143,
        0.0009990232305719946,
        0.0009986706662261067,
        0.0009982639653285047,
        0.0009978031724785245,
        0.0009972883382072953,
        0.0009967195189721962,
        0.0009960967771506667,
        0.0009954201810333646,
        0.0009946898048166792,
        0.000993905728594593,
        0.0009930680383498998,
        0.0009921768259447744,
        0.0009912321891107007,
        0.0009902342314377522,
        0.0009891830623632338,
        0.00098807879715968,
        0.0009869215569222143,
        0.0009857114685552697,
        0.0009844486647586721,
        0.0009831332840130884,
        0.0009817654705648405,
        0.0009803453744100864,
        0.0009788731512783728,
        0.0009773489626155566,
        0.0009757729755661006,
        0.0009741453629547445,
        0.0009724663032675527,
        0.0009707359806323412,
        0.0009689545847984858,
        0.0009671223111161144,
        0.000965239360514684,
        0.000963305939480947,
        0.0009613222600363074,
        0.0009592885397135703,
        0.0009572050015330871,
        0.0009550718739782986,
        0.0009528893909706794,
        0.0009506577918440856,
        0.000948377321318509,
        0.0009460482294732416,
        0.0009436707717194508,
        0.0009412452087721706,
        0.000938771806621712,
        0.0009362508365044934,
        0.0009336825748732968,
        0.0009310673033669517,
        0.0009284053087794505,
        0.0009256968830284974,
        0.0009229423231234972,
        0.0009201419311329846,
        0.0009172960141514989,
        0.0009144048842659077,
        0.0009114688585211832,
        0.0009084882588856339,
        0.0009054634122155986,
        0.0009023946502196013,
        0.0008992823094219767,
        0.0008961267311259663,
        0.0008929282613762903,
        0.0008896872509212002,
        0.0008864040551740152,
        0.0008830790341741476,
        0.000879712552547619,
        0.0008763049794670771,
        0.0008728566886113098,
        0.000869368058124268,
        0.0008658394705735983,
        0.0008622713129086888,
        0.0008586639764182372,
        0.0008550178566873405,
        0.0008513333535541156,
        0.0008476108710658509,
        0.0008438508174347005
    ]
}