{
    "mse": 632.1806738728703,
    "rmse": 25.14320333356254,
    "mae": 18.723815377389116,
    "r2": 0.6065378585840522
}