{
    "mse": 428.5377502441406,
    "rmse": 20.7011533554085,
    "mae": 18.851125717163086,
    "r2": 0.6926612854003906
}