{
    "mse": 14059979.037072718,
    "rmse": 3749.6638565440394,
    "mae": 2850.1902359136056,
    "r2": -18855.64185538046
}