{
    "mse": 757.6642763745915,
    "rmse": 27.52570210502525,
    "mae": 25.990745387824735,
    "r2": 0.5284382756745569
}