{
    "mse": 133.75501449832342,
    "rmse": 11.565250299856178,
    "mae": 8.641661499675308,
    "r2": 0.8206135017622885
}