{
    "mse": 858.9676052964383,
    "rmse": 29.30814912778421,
    "mae": 24.748774550005166,
    "r2": 0.46538822309074523
}